{"v":"5.6.10","fr":25,"ip":0,"op":32,"w":1080,"h":309,"nm":"合成 1","ddd":0,"assets":[{"id":"image_0","w":1080,"h":309,"u":"images/","p":"img_0.png","e":0},{"id":"image_1","w":1080,"h":309,"u":"images/","p":"img_1.png","e":0}],"layers":[{"ddd":0,"ind":1,"ty":2,"nm":"编组 5@3x 2.png","cl":"png","refId":"image_0","sr":1,"ks":{"o":{"a":0,"k":100,"ix":11},"r":{"a":0,"k":0,"ix":10},"p":{"a":0,"k":[838.18,194.5,0],"ix":2},"a":{"a":0,"k":[824,194.5,0],"ix":1},"s":{"a":1,"k":[{"i":{"x":[0.667,0.667,0.667],"y":[1,1,1]},"o":{"x":[0.333,0.333,0.333],"y":[0,0,0]},"t":0,"s":[100,100,100]},{"i":{"x":[0.667,0.667,0.667],"y":[1,1,1]},"o":{"x":[0.333,0.333,0.333],"y":[0,0,0]},"t":15,"s":[118,118,100]},{"t":31,"s":[100,100,100]}],"ix":6}},"ao":0,"ip":0,"op":125,"st":0,"bm":0},{"ddd":0,"ind":2,"ty":2,"nm":"编组 5@3x.png","cl":"png","refId":"image_1","sr":1,"ks":{"o":{"a":0,"k":100,"ix":11},"r":{"a":0,"k":0,"ix":10},"p":{"a":0,"k":[540,154.5,0],"ix":2},"a":{"a":0,"k":[540,154.5,0],"ix":1},"s":{"a":0,"k":[100,100,100],"ix":6}},"ao":0,"ip":0,"op":125,"st":0,"bm":0}],"markers":[]}